
{
  "candidatosPorEstado": {
      "RR": 13,
      "RS": 11,
      "PR": 9,
      "DF": 12,
      "SC": 9,
      "SE": 22,
      "MA": 20,
      "MG": 8,
      "SP": 12,
      "AC": 8,
      "CE": 8,
      "MS": 10,
      "MT": 16,
      "GO": 9,
      "AL": 10,
      "AM": 5,
      "ES": 10,
      "AP": 9,
      "PA": 8,
      "PB": 11,
      "PE": 13,
      "RJ": 10,
      "PI": 11,
      "TO": 12,
      "RN": 10,
      "RO": 10,
      "BA": 14
  },
  "imcMedioPorFaixaEtaria": {
      "septuagesimo": 24.279394322634307,
      "quadragesimo": 25.78323246945824,
      "octogesimo": 24.034767381774543,
      "vigesimo": 25.566146421121026,
      "nonagesimo": 24.587443550058886,
      "sexagesimo": 23.769316148257307,
      "quinquagesimo": 24.774647945709514,
      "trigesimo": 24.586136440984006
  },
  "percentualObesosHomens": 22.14765100671141,
  "percentualObesosMulheres": 18.543046357615893,
  "mediaIdadePorTipoSanguineo": {
      "B+": 55.577777777777776,
      "AB+": 56.484848484848484,
      "A+": 53.275,
      "B-": 54.15,
      "O+": 55.77142857142857,
      "A-": 45.926829268292686,
      "AB-": 53.2,
      "O-": 50.416666666666664
  },
  "possiveisDoadoresPorTipoSanguineo": {
      "B+": 28,
      "AB+": 19,
      "A+": 28,
      "B-": 29,
      "O+": 24,
      "A-": 34,
      "AB-": 23,
      "O-": 30
  }
}