{
  "imcMedioPorFaixaEtaria": {
    "decimo": 0,
    "vigesimo": 25.566146421121026,
    "trigesimo": 24.586136440984006,
    "quadragesimo": 25.78323246945824,
    "quinquagesimo": 24.774647945709514,
    "sexagesimo": 23.769316148257307,
    "septuagesimo": 24.279394322634307,
    "octogesimo": 24.034767381774543,
    "nonagesimo": 24.587443550058886,
    "centesimo": 0
  }
}
