{
  "mediaIdadePorTipoSanguineo": {
    "A-": 45.926829268292686,
    "A+": 53.275,
    "B-": 54.15,
    "B+": 55.577777777777776,
    "AB-": 53.2,
    "AB+": 56.484848484848484,
    "O-": 50.416666666666664,
    "O+": 55.77142857142857
  }
}
